{
    "camera_matrix": [
        [
            890.2373922772854,
            0.0,
            803.1025994950405
        ],
        [
            0.0,
            890.408138828638,
            611.0827585163322
        ],
        [
            0.0,
            0.0,
            1.0
        ]
    ],
    "distortion_coefficients": [
        [
            -0.1299457048070829,
            0.10873567945151806,
            -0.0004198901626479273,
            6.467472028277434e-05,
            0.0012496138118571897,
            0.1705370044206164,
            0.05053583176555705,
            0.027696465592971193
        ]
    ],
    "serial_number": "205804"
}